<?xml version="1.0" encoding="utf-8"?>
<manifest xmlns="http://www.we7.cc" versionCode="">
	<application setting="false">
		<name><![CDATA[知识付费系统]]></name>
		<identifie><![CDATA[edu_money]]></identifie>
		<version><![CDATA[1.1]]></version>
		<type><![CDATA[business]]></type>
		<ability><![CDATA[知识付费系统]]></ability>
		<description><![CDATA[知识付费系统]]></description>
		<author><![CDATA[bendilaosiji]]></author>
		<url><![CDATA[http://wqtest.bendilaosiji.com/]]></url>
	</application>
	<platform>
		<subscribes>
		</subscribes>
		<handles>
			<message type="text" />
			<message type="image" />
			<message type="voice" />
			<message type="video" />
			<message type="shortvideo" />
			<message type="location" />
			<message type="link" />
			<message type="subscribe" />
			<message type="qr" />
			<message type="trace" />
			<message type="click" />
			<message type="merchant_order" />
			<message type="user_get_card" />
			<message type="user_del_card" />
			<message type="user_consume_card" />
		</handles>
		<rule embed="false" />
		<card embed="false" />
		<supports>
			<item type="app" />
		</supports>
	</platform>
	<bindings>
		<cover>
			<entry title="系统首页" do="index" state="" direct="false" />
		</cover>
		<menu>
			<entry title="课程管理" do="courses" state="" direct="false" />
			<entry title="用户管理" do="users" state="" direct="false" />
			<entry title="订单管理" do="orders" state="" direct="false" />
			<entry title="系统配置" do="configs" state="" direct="false" />
		</menu>
	</bindings>
	<permissions>
	</permissions>
	<install><![CDATA[]]></install>
	<uninstall><![CDATA[]]></uninstall>
	<upgrade><![CDATA[]]></upgrade>
</manifest>