{
	"description": "项目配置文件。",
	"setting": {
		"urlCheck": false,
		"es6": true,
		"postcss": true,
		"minified": true,
		"newFeature": true
	},
	"compileType": "miniprogram",
	"libVersion": "1.9.1",
	"appid": "wxd7363358da6c4160",
	"projectname": "%E5%B0%8F%E7%A8%8B%E5%BA%8F%E7%A4%BA%E4%BE%8B",
	"svr": "./",
	"client": "./",
	"qcloudRoot": "./server",
	"miniprogramRoot": "./",
	"condition": {
		"search": {
			"current": -1,
			"list": []
		},
		"conversation": {
			"current": -1,
			"list": []
		},
		"game": {
			"list": []
		},
		"miniprogram": {
			"current": -1,
			"list": []
		}
	}
}